-- MySQL dump 10.14  Distrib 5.5.68-MariaDB, for Linux (x86_64)
--
-- Host: localhost    Database: fantan_db
-- ------------------------------------------------------
-- Server version	5.5.68-MariaDB

/*!40101 SET @OLD_CHARACTER_SET_CLIENT=@@CHARACTER_SET_CLIENT */;
/*!40101 SET @OLD_CHARACTER_SET_RESULTS=@@CHARACTER_SET_RESULTS */;
/*!40101 SET @OLD_COLLATION_CONNECTION=@@COLLATION_CONNECTION */;
/*!40101 SET NAMES utf8mb4 */;
/*!40103 SET @OLD_TIME_ZONE=@@TIME_ZONE */;
/*!40103 SET TIME_ZONE='+00:00' */;
/*!40014 SET @OLD_UNIQUE_CHECKS=@@UNIQUE_CHECKS, UNIQUE_CHECKS=0 */;
/*!40014 SET @OLD_FOREIGN_KEY_CHECKS=@@FOREIGN_KEY_CHECKS, FOREIGN_KEY_CHECKS=0 */;
/*!40101 SET @OLD_SQL_MODE=@@SQL_MODE, SQL_MODE='NO_AUTO_VALUE_ON_ZERO' */;
/*!40111 SET @OLD_SQL_NOTES=@@SQL_NOTES, SQL_NOTES=0 */;

--
-- Current Database: `fantan_db`
--

CREATE DATABASE /*!32312 IF NOT EXISTS*/ `fantan_db` /*!40100 DEFAULT CHARACTER SET utf8mb4 COLLATE utf8mb4_unicode_ci */;

USE `fantan_db`;

--
-- Table structure for table `bc_account`
--

DROP TABLE IF EXISTS `bc_account`;
/*!40101 SET @saved_cs_client     = @@character_set_client */;
/*!40101 SET character_set_client = utf8 */;
CREATE TABLE `bc_account` (
  `id` int(11) NOT NULL AUTO_INCREMENT COMMENT 'ID',
  `uid` int(11) NOT NULL COMMENT 'UID',
  `money` decimal(10,2) NOT NULL COMMENT '金额',
  `countmoney` decimal(10,2) NOT NULL COMMENT '变动后的金额',
  `type` tinyint(1) NOT NULL COMMENT '类型0充值1提现2投注3盈利4退单',
  `addtime` int(11) NOT NULL COMMENT '时间',
  `comment` varchar(200) NOT NULL COMMENT '备注',
  PRIMARY KEY (`id`)
) ENGINE=MyISAM DEFAULT CHARSET=utf8mb4;
/*!40101 SET character_set_client = @saved_cs_client */;

--
-- Dumping data for table `bc_account`
--

LOCK TABLES `bc_account` WRITE;
/*!40000 ALTER TABLE `bc_account` DISABLE KEYS */;
/*!40000 ALTER TABLE `bc_account` ENABLE KEYS */;
UNLOCK TABLES;

--
-- Table structure for table `bc_admin`
--

DROP TABLE IF EXISTS `bc_admin`;
/*!40101 SET @saved_cs_client     = @@character_set_client */;
/*!40101 SET character_set_client = utf8 */;
CREATE TABLE `bc_admin` (
  `id` smallint(6) NOT NULL AUTO_INCREMENT,
  `username` char(20) NOT NULL,
  `mobile` varchar(50) NOT NULL,
  `password` char(32) NOT NULL,
  `encrypt` char(6) DEFAULT NULL,
  `lastlogin` int(10) DEFAULT NULL,
  `ip` char(15) DEFAULT NULL,
  `issuper` tinyint(1) NOT NULL COMMENT '管理员类型权限',
  PRIMARY KEY (`id`),
  UNIQUE KEY `username` (`username`)
) ENGINE=MyISAM AUTO_INCREMENT=2 DEFAULT CHARSET=utf8mb4;
/*!40101 SET character_set_client = @saved_cs_client */;

--
-- Dumping data for table `bc_admin`
--

LOCK TABLES `bc_admin` WRITE;
/*!40000 ALTER TABLE `bc_admin` DISABLE KEYS */;
INSERT INTO `bc_admin` VALUES (1,'admin','','076e36504bcb642dbad47ca949c9f250','b9cf16',1779186180,'203.160.86.61',1);
/*!40000 ALTER TABLE `bc_admin` ENABLE KEYS */;
UNLOCK TABLES;

--
-- Table structure for table `bc_cash`
--

DROP TABLE IF EXISTS `bc_cash`;
/*!40101 SET @saved_cs_client     = @@character_set_client */;
/*!40101 SET character_set_client = utf8 */;
CREATE TABLE `bc_cash` (
  `id` int(11) NOT NULL AUTO_INCREMENT COMMENT 'ID',
  `uid` int(11) NOT NULL COMMENT 'UID',
  `agent` int(11) NOT NULL COMMENT '上级代理人UID',
  `agents` int(11) NOT NULL DEFAULT '0' COMMENT '总代理人UID',
  `money` decimal(10,2) NOT NULL COMMENT '金额',
  `service` decimal(10,2) NOT NULL COMMENT '服务费',
  `from` varchar(200) NOT NULL COMMENT '提现账号信息',
  `state` tinyint(1) NOT NULL COMMENT '状态0等待处理1正在处理2提现完成3提现失败',
  `addtime` int(11) NOT NULL COMMENT '申请时间',
  `endtime` int(11) NOT NULL COMMENT '完成时间',
  `comment` varchar(200) NOT NULL COMMENT '备注',
  PRIMARY KEY (`id`)
) ENGINE=MyISAM DEFAULT CHARSET=utf8mb4;
/*!40101 SET character_set_client = @saved_cs_client */;

--
-- Dumping data for table `bc_cash`
--

LOCK TABLES `bc_cash` WRITE;
/*!40000 ALTER TABLE `bc_cash` DISABLE KEYS */;
/*!40000 ALTER TABLE `bc_cash` ENABLE KEYS */;
UNLOCK TABLES;

--
-- Table structure for table `bc_game`
--

DROP TABLE IF EXISTS `bc_game`;
/*!40101 SET @saved_cs_client     = @@character_set_client */;
/*!40101 SET character_set_client = utf8 */;
CREATE TABLE `bc_game` (
  `id` mediumint(5) NOT NULL AUTO_INCREMENT COMMENT 'ID',
  `name` varchar(50) NOT NULL COMMENT '游戏名称',
  `fptime` mediumint(5) NOT NULL COMMENT '提前封盘秒',
  `data` text NOT NULL COMMENT '游戏配置数据',
  `template` varchar(50) NOT NULL COMMENT '模板名称',
  `state` tinyint(1) NOT NULL COMMENT '1启用',
  `sort` mediumint(5) NOT NULL COMMENT '排序',
  PRIMARY KEY (`id`),
  KEY `sort` (`sort`)
) ENGINE=MyISAM AUTO_INCREMENT=15 DEFAULT CHARSET=utf8mb4;
/*!40101 SET character_set_client = @saved_cs_client */;

--
-- Dumping data for table `bc_game`
--

LOCK TABLES `bc_game` WRITE;
/*!40000 ALTER TABLE `bc_game` DISABLE KEYS */;
INSERT INTO `bc_game` VALUES (1,'重庆时时彩(番摊)',200,'a:1:{i:0;s:246:\"1L2@2.90\r\n2L3@2.90\r\n3L4@2.90\r\n4L1@2.90\r\n1L4@2.90\r\n2L1@2.90\r\n3L2@2.90\r\n4L3@2.90\r\n1L3@2.90\r\n2L4@2.90\r\n3L1@2.90\r\n4L2@2.90\r\n12J@1.95\r\n23J@1.95\r\n34J@1.95\r\n41J@1.95\r\nZ1@1.95\r\nZ2@1.95\r\nZ3@1.95\r\nZ4@1.95\r\nF1@3.85\r\nF2@3.85\r\nF3@3.85\r\nF4@3.85\r\nD@1.95\r\nS@1.95\";}','fantan',1,1),(2,'广东快乐十分(番摊)',200,'a:1:{i:0;s:246:\"1L2@2.90\r\n2L3@2.90\r\n3L4@2.90\r\n4L1@2.90\r\n1L4@2.90\r\n2L1@2.90\r\n3L2@2.90\r\n4L3@2.90\r\n1L3@2.90\r\n2L4@2.90\r\n3L1@2.90\r\n4L2@2.90\r\n12J@1.95\r\n23J@1.95\r\n34J@1.95\r\n41J@1.95\r\nZ1@1.95\r\nZ2@1.95\r\nZ3@1.95\r\nZ4@1.95\r\nF1@3.85\r\nF2@3.85\r\nF3@3.85\r\nF4@3.85\r\nD@1.95\r\nS@1.95\";}','fantan',1,2),(3,'重庆幸运农场(番摊)',260,'a:1:{i:0;s:246:\"1L2@2.90\r\n2L3@2.90\r\n3L4@2.90\r\n4L1@2.90\r\n1L4@2.90\r\n2L1@2.90\r\n3L2@2.90\r\n4L3@2.90\r\n1L3@2.90\r\n2L4@2.90\r\n3L1@2.90\r\n4L2@2.90\r\n12J@1.95\r\n23J@1.95\r\n34J@1.95\r\n41J@1.95\r\nZ1@1.95\r\nZ2@1.95\r\nZ3@1.95\r\nZ4@1.95\r\nF1@3.85\r\nF2@3.85\r\nF3@3.85\r\nF4@3.85\r\nD@1.95\r\nS@1.95\";}','fantan',1,3),(4,'PC蛋蛋(番摊)',40,'a:1:{i:0;s:221:\"1L2@2.90\n2L3@2.90\n3L4@2.90\n4L1@2.90\n1L4@2.90\n2L1@2.90\n3L2@2.90\n4L3@2.90\n1L3@2.90\n2L4@2.90\n3L1@2.90\n4L2@2.90\n12J@1.95\n23J@1.95\n34J@1.95\n41J@1.95\nZ1@1.95\nZ2@1.95\nZ3@1.95\nZ4@1.95\nF1@3.85\nF2@3.85\nF3@3.85\nF4@3.85\nD@1.95\nS@1.95\";}','fantan',1,4),(5,'加拿大28(番摊)',40,'a:1:{i:0;s:221:\"1L2@2.90\n2L3@2.90\n3L4@2.90\n4L1@2.90\n1L4@2.90\n2L1@2.90\n3L2@2.90\n4L3@2.90\n1L3@2.90\n2L4@2.90\n3L1@2.90\n4L2@2.90\n12J@1.95\n23J@1.95\n34J@1.95\n41J@1.95\nZ1@1.95\nZ2@1.95\nZ3@1.95\nZ4@1.95\nF1@3.85\nF2@3.85\nF3@3.85\nF4@3.85\nD@1.95\nS@1.95\";}','fantan',1,5),(6,'北京赛车(PK10)',200,'a:1:{i:0;s:1586:\"GYDA@2.14\r\nGYX@1.78\r\nGYD@1.78\r\nGYS@2.14\r\nGY3@42\r\nGY4@42\r\nGY5@21\r\nGY6@21\r\nGY7@13.8\r\nGY8@13.8\r\nGY9@10.3\r\nGY10@10.3\r\nGY11@8.6\r\nGY12@10.3\r\nGY13@10.3\r\nGY14@13.8\r\nGY15@13.8\r\nGY16@21\r\nGY17@21\r\nGY18@42\r\nGY19@42\r\n1DA@1.98\r\n1X@1.98\r\n1D@1.98\r\n1S@1.98\r\n1L@1.98\r\n1H@1.98\r\n2DA@1.98\r\n2X@1.98\r\n2D@1.98\r\n2S@1.98\r\n2L@1.98\r\n2H@1.98\r\n3DA@1.98\r\n3X@1.98\r\n3D@1.98\r\n3S@1.98\r\n3L@1.98\r\n3H@1.98\r\n4DA@1.98\r\n4X@1.98\r\n4D@1.98\r\n4S@1.98\r\n4L@1.98\r\n4H@1.98\r\n5DA@1.98\r\n5X@1.98\r\n5D@1.98\r\n5S@1.98\r\n5L@1.98\r\n5H@1.98\r\n6DA@1.98\r\n6X@1.98\r\n6D@1.98\r\n6S@1.98\r\n7DA@1.98\r\n7X@1.98\r\n7D@1.98\r\n7S@1.98\r\n8DA@1.98\r\n8X@1.98\r\n8D@1.98\r\n8S@1.98\r\n9DA@1.98\r\n9X@1.98\r\n9D@1.98\r\n9S@1.98\r\n10DA@1.98\r\n10X@1.98\r\n10D@1.98\r\n10S@1.98\r\n1A1@9.8\r\n1A2@9.8\r\n1A3@9.8\r\n1A4@9.8\r\n1A5@9.8\r\n1A6@9.8\r\n1A7@9.8\r\n1A8@9.8\r\n1A9@9.8\r\n1A10@9.8\r\n2A1@9.8\r\n2A2@9.8\r\n2A3@9.8\r\n2A4@9.8\r\n2A5@9.8\r\n2A6@9.8\r\n2A7@9.8\r\n2A8@9.8\r\n2A9@9.8\r\n2A10@9.8\r\n3A1@9.8\r\n3A2@9.8\r\n3A3@9.8\r\n3A4@9.8\r\n3A5@9.8\r\n3A6@9.8\r\n3A7@9.8\r\n3A8@9.8\r\n3A9@9.8\r\n3A10@9.8\r\n4A1@9.8\r\n4A2@9.8\r\n4A3@9.8\r\n4A4@9.8\r\n4A5@9.8\r\n4A6@9.8\r\n4A7@9.8\r\n4A8@9.8\r\n4A9@9.8\r\n4A10@9.8\r\n5A1@9.8\r\n5A2@9.8\r\n5A3@9.8\r\n5A4@9.8\r\n5A5@9.8\r\n5A6@9.8\r\n5A7@9.8\r\n5A8@9.8\r\n5A9@9.8\r\n5A10@9.8\r\n6A1@9.8\r\n6A2@9.8\r\n6A3@9.8\r\n6A4@9.8\r\n6A5@9.8\r\n6A6@9.8\r\n6A7@9.8\r\n6A8@9.8\r\n6A9@9.8\r\n6A10@9.8\r\n7A1@9.8\r\n7A2@9.8\r\n7A3@9.8\r\n7A4@9.8\r\n7A5@9.8\r\n7A6@9.8\r\n7A7@9.8\r\n7A8@9.8\r\n7A9@9.8\r\n7A10@9.8\r\n8A1@9.8\r\n8A2@9.8\r\n8A3@9.8\r\n8A4@9.8\r\n8A5@9.8\r\n8A6@9.8\r\n8A7@9.8\r\n8A8@9.8\r\n8A9@9.8\r\n8A10@9.8\r\n9A1@9.8\r\n9A2@9.8\r\n9A3@9.8\r\n9A4@9.8\r\n9A5@9.8\r\n9A6@9.8\r\n9A7@9.8\r\n9A8@9.8\r\n9A9@9.8\r\n9A10@9.8\r\n10A1@9.8\r\n10A2@9.8\r\n10A3@9.8\r\n10A4@9.8\r\n10A5@9.8\r\n10A6@9.8\r\n10A7@9.8\r\n10A8@9.8\r\n10A9@9.8\r\n10A10@9.8\";}','pk10',1,1),(7,'重庆时时彩',200,'a:1:{i:0;s:846:\"ZHDA@1.98\r\nZHX@1.98\r\nZHD@1.98\r\nZHS@1.98\r\nZHL@1.98\r\nZHH@1.98\r\nZHHE@8.88\r\n1DA@1.98\r\n1X@1.98\r\n1D@1.98\r\n1S@1.98\r\n2DA@1.98\r\n2X@1.98\r\n2D@1.98\r\n2S@1.98\r\n3DA@1.98\r\n3X@1.98\r\n3D@1.98\r\n3S@1.98\r\n4DA@1.98\r\n4X@1.98\r\n4D@1.98\r\n4S@1.98\r\n5DA@1.98\r\n5X@1.98\r\n5D@1.98\r\n5S@1.98\r\n1A0@9.9\r\n1A1@9.9\r\n1A2@9.9\r\n1A3@9.9\r\n1A4@9.9\r\n1A5@9.9\r\n1A6@9.9\r\n1A7@9.9\r\n1A8@9.9\r\n1A9@9.9\r\n2A0@9.9\r\n2A1@9.9\r\n2A2@9.9\r\n2A3@9.9\r\n2A4@9.9\r\n2A5@9.9\r\n2A6@9.9\r\n2A7@9.9\r\n2A8@9.9\r\n2A9@9.9\r\n3A0@9.9\r\n3A1@9.9\r\n3A2@9.9\r\n3A3@9.9\r\n3A4@9.9\r\n3A5@9.9\r\n3A6@9.9\r\n3A7@9.9\r\n3A8@9.9\r\n3A9@9.9\r\n4A0@9.9\r\n4A1@9.9\r\n4A2@9.9\r\n4A3@9.9\r\n4A4@9.9\r\n4A5@9.9\r\n4A6@9.9\r\n4A7@9.9\r\n4A8@9.9\r\n4A9@9.9\r\n5A0@9.9\r\n5A1@9.9\r\n5A2@9.9\r\n5A3@9.9\r\n5A4@9.9\r\n5A5@9.9\r\n5A6@9.9\r\n5A7@9.9\r\n5A8@9.9\r\n5A9@9.9\r\nQBZ@75\r\nQSZ@14.58\r\nQDZ@3.38\r\nQBS@1.9\r\nQZL@2.7\r\nZBZ@75\r\nZSZ@14.58\r\nZDZ@3.38\r\nZBS@1.9\r\nZZL@2.7\r\nHBZ@75\r\nHSZ@14.58\r\nHDZ@3.38\r\nHBS@1.9\r\nHZL@2.7\";}','cqssc',1,2),(8,'广东快乐十分',30,'a:1:{i:0;s:0:\"\";}','gdkl',1,3),(9,'PC蛋蛋 13/14玩法',60,'a:1:{i:0;s:327:\"DA@1.97\r\nX@1.97\r\nD@1.97\r\nS@1.97\r\nDD@4.2\r\nDS@4.6\r\nXD@4.6\r\nXS@4.2\r\nJD@13\r\nJX@13\r\nBZ@60\r\nHB@2.9\r\nLVB@2.9\r\nLB@2.9\r\nS0@500\r\nS1@100\r\nS2@50\r\nS3@40\r\nS4@30\r\nS5@20\r\nS6@17\r\nS7@16\r\nS8@15\r\nS9@15\r\nS10@14\r\nS11@14\r\nS12@12\r\nS13@12\r\nS14@12\r\nS15@12\r\nS16@14\r\nS17@14\r\nS18@15\r\nS19@15\r\nS20@16\r\nS21@17\r\nS22@20\r\nS23@30\r\nS24@40\r\nS25@50\r\nS26@100\r\nS27@500\";}','pc28',1,4),(10,'加拿大28 13/14玩法',60,'a:1:{i:0;s:327:\"DA@1.97\r\nX@1.97\r\nD@1.97\r\nS@1.97\r\nDD@4.2\r\nDS@5.0\r\nXD@5.0\r\nXS@4.2\r\nJD@13\r\nJX@13\r\nBZ@60\r\nHB@2.9\r\nLVB@2.9\r\nLB@2.9\r\nS0@500\r\nS1@100\r\nS2@50\r\nS3@40\r\nS4@30\r\nS5@20\r\nS6@17\r\nS7@16\r\nS8@15\r\nS9@15\r\nS10@14\r\nS11@14\r\nS12@12\r\nS13@12\r\nS14@12\r\nS15@12\r\nS16@14\r\nS17@14\r\nS18@15\r\nS19@15\r\nS20@16\r\nS21@17\r\nS22@20\r\nS23@30\r\nS24@40\r\nS25@50\r\nS26@100\r\nS27@500\";}','pc28',1,5),(11,'北京赛车(牌九)',30,'a:1:{i:0;s:0:\"\";}','pkpj',1,6),(12,'重庆六博',200,'a:1:{i:0;s:1524:\"S1@46@5-1000\nS2@46@5-1000\nS3@46@5-1000\nS4@46@5-1000\nS5@46@5-1000\nS6@46@5-1000\nS7@46@5-1000\nS8@46@5-1000\nS9@46@5-1000\nS10@46@5-1000\nS11@46@5-1000\nS12@46@5-1000\nS13@46@5-1000\nS14@46@5-1000\nS15@46@5-1000\nS16@46@5-1000\nS17@46@5-1000\nS18@46@5-1000\nS19@46@5-1000\nS20@46@5-1000\nS21@46@5-1000\nS22@46@5-1000\nS23@46@5-1000\nS24@46@5-1000\nS25@46@5-1000\nS26@46@5-1000\nS27@46@5-1000\nS28@46@5-1000\nS29@46@5-1000\nS30@46@5-1000\nS31@46@5-1000\nS32@46@5-1000\nS33@46@5-1000\nS34@46@5-1000\nS35@46@5-1000\nS36@46@5-1000\nS37@46@5-1000\nS38@46@5-1000\nS39@46@5-1000\nS40@46@5-1000\nS41@46@5-1000\nS42@46@5-1000\nS43@46@5-1000\nS44@46@5-1000\nS45@46@5-1000\nS46@46@5-1000\nS47@46@5-1000\nS48@46@5-1000\nS49@46@5-1000\nNIU@11@10-5000\nJI@11@10-5000\nYANG@11@10-5000\nZHU@11@10-5000\nGOU@9@10-5000\nMA@11@10-5000\nSHE@11@10-5000\nSHU@11@10-5000\nHU@11@10-5000\nTU@11@10-5000\nLONG@11@10-5000\nHOU@11@10-5000\nDA@1.9@10-20000\nX@1.9@10-20000\nD@1.9@10-20000\nS@1.9@10-20000\nDD@3.8@10-20000\nDS@3.8@10-20000\nXD@3.8@10-20000\nXS@3.8@10-20000\nJQ@1.9@10-20000\nYS@1.9@10-20000\nHSDA@1.9@10-10000\nHSX@1.9@10-10000\nHSD@1.9@10-10000\nHSS@1.9@10-10000\nHB@2.7@10-10000\nHDA@6@10-10000\nHX@4@10-10000\nHD@5@10-10000\nHS@5@10-10000\nLVB@2.8@10-10000\nLVDA@5@10-10000\nLVX@6@10-10000\nLVD@5@10-10000\nLVS@5@10-10000\nLB@2.8@10-10000\nLDA@5@10-10000\nLX@6@10-10000\nLD@5@10-10000\nLS@5@10-10000\nT0@4.6@10-20000\nT1@4.6@10-20000\nT2@4.6@10-20000\nT3@4.6@10-20000\nT4@4.6@10-20000\nW0@11@10-20000\nW1@9@10-20000\nW2@9@10-20000\nW3@9@10-20000\nW4@9@10-20000\nW5@9@10-20000\nW6@9@10-20000\nW7@9@10-20000\nW8@9@10-20000\nW9@9@10-20000\";}','liubo',1,7),(13,'极速28(番摊)',30,'a:1:{i:0;s:221:\"1L2@2.90\n2L3@2.90\n3L4@2.90\n4L1@2.90\n1L4@2.90\n2L1@2.90\n3L2@2.90\n4L3@2.90\n1L3@2.90\n2L4@2.90\n3L1@2.90\n4L2@2.90\n12J@1.95\n23J@1.95\n34J@1.95\n41J@1.95\nZ1@1.95\nZ2@1.95\nZ3@1.95\nZ4@1.95\nF1@3.85\nF2@3.85\nF3@3.85\nF4@3.85\nD@1.95\nS@1.95\";}','fantan',1,6),(14,'极速时时彩(番摊)',30,'a:1:{i:0;s:221:\"1L2@2.90\n2L3@2.90\n3L4@2.90\n4L1@2.90\n1L4@2.90\n2L1@2.90\n3L2@2.90\n4L3@2.90\n1L3@2.90\n2L4@2.90\n3L1@2.90\n4L2@2.90\n12J@1.95\n23J@1.95\n34J@1.95\n41J@1.95\nZ1@1.95\nZ2@1.95\nZ3@1.95\nZ4@1.95\nF1@3.85\nF2@3.85\nF3@3.85\nF4@3.85\nD@1.95\nS@1.95\";}','fantan',1,7);
/*!40000 ALTER TABLE `bc_game` ENABLE KEYS */;
UNLOCK TABLES;

--
-- Table structure for table `bc_haoma`
--

DROP TABLE IF EXISTS `bc_haoma`;
/*!40101 SET @saved_cs_client     = @@character_set_client */;
/*!40101 SET character_set_client = utf8 */;
CREATE TABLE `bc_haoma` (
  `id` int(11) NOT NULL AUTO_INCREMENT COMMENT 'ID',
  `gameid` mediumint(5) NOT NULL DEFAULT '0' COMMENT '游戏ID',
  `qishu` bigint(11) NOT NULL COMMENT '期数',
  `sendtime` int(11) NOT NULL DEFAULT '0' COMMENT '开奖时间',
  `haoma` varchar(50) NOT NULL DEFAULT '' COMMENT '开奖号码',
  `account` tinyint(1) NOT NULL DEFAULT '0' COMMENT '是否全部结算',
  PRIMARY KEY (`id`),
  KEY `haoma` (`haoma`),
  KEY `qishu` (`qishu`),
  KEY `gameid` (`gameid`)
) ENGINE=MyISAM AUTO_INCREMENT=404 DEFAULT CHARSET=utf8mb4;
/*!40101 SET character_set_client = @saved_cs_client */;

--
-- Dumping data for table `bc_haoma`
--

LOCK TABLES `bc_haoma` WRITE;
/*!40000 ALTER TABLE `bc_haoma` DISABLE KEYS */;
INSERT INTO `bc_haoma` VALUES (1,1,20190928022,1569641400,'9,9,6,8,9',1),(2,1,20190928023,1569642600,'',0),(3,7,20190928022,1569641400,'9,9,6,8,9',1),(4,7,20190928023,1569642600,'',0),(5,3,20190928023,1569642105,'12,3,18,16,17,7,14,1',1),(6,4,976391,1569642000,'7,4,2',1),(7,12,20190928022,1569641400,'9,9,6,8,9',1),(8,3,20190928024,1569642705,'',0),(9,4,976392,1569642300,'6,1,2',1),(10,12,20190928023,1569642600,'',0),(11,9,976391,1569642000,'7,4,2',1),(12,9,976392,1569642300,'6,1,2',1),(91,10,0,0,'0',1),(90,5,0,0,'0',1),(89,9,0,0,'0',1),(88,4,0,0,'0',1),(17,2,20190928008,1569642085,'2,19,13,14,12,7,5,8',1),(18,2,20190928009,1569643285,'',0),(19,8,20190928008,1569642085,'2,19,13,14,12,7,5,8',0),(20,8,20190928009,1569643285,'',0),(21,5,2479493,1569642150,'0,1,2',1),(22,5,2479494,1569642360,'3,9,7',1),(23,10,2479493,1569642150,'0,1,2',1),(24,10,2479494,1569642360,'3,9,7',1),(25,6,739474,1569641440,'2,4,1,9,10,5,6,3,8,7',1),(26,6,739475,1569642640,'',0),(27,11,739474,1569641440,'2,4,1,9,10,5,6,3,8,7',1),(28,11,739475,1569642640,'',0),(87,3,0,0,'0',1),(86,8,0,0,'0',0),(32,4,1,300,'',0),(34,9,1,300,'',0),(96,14,3013337,1779238620,'8,0,3,5,1',1),(36,5,1,210,'',0),(38,10,1,210,'',0),(85,2,0,0,'0',1),(40,5,2479495,1569642570,'',0),(41,10,2479495,1569642570,'',0),(84,12,0,0,'0',1),(43,4,976393,1569642600,'',0),(44,9,976393,1569642600,'',0),(83,7,0,0,'0',1),(82,1,0,0,'0',1),(48,1,1,1200,'',0),(50,7,1,1200,'',0),(95,13,1853434,1779238650,'3,8,2',1),(52,12,1,1200,'',0),(54,2,1,1200,'',0),(56,8,1,1200,'',0),(94,14,3013336,1779238530,'5,3,1,6,4',1),(58,3,1,600,'',0),(93,11,0,0,'0',1),(60,6,1,1200,'',0),(92,6,0,0,'0',1),(62,11,1,1200,'',0),(63,13,1853426,1779237450,'8,1,9',1),(64,13,1853427,1779237600,'8,6,0',1),(65,14,3013325,1779237540,'5,8,3,2,7',1),(66,14,3013326,1779237630,'5,2,0,4,7',1),(67,13,1853428,1779237750,'1,8,3',1),(68,14,3013327,1779237720,'0,3,8,6,1',1),(69,14,3013328,1779237810,'0,7,3,8,4',1),(70,13,1853429,1779237900,'6,0,1',1),(71,14,3013329,1779237900,'7,3,6,1,0',1),(72,13,1853430,1779238050,'0,3,8',1),(73,14,3013330,1779237990,'0,1,6,8,2',1),(74,14,3013331,1779238080,'1,4,7,9,0',1),(75,13,1853431,1779238200,'6,0,8',1),(76,14,3013332,1779238170,'4,7,2,0,3',1),(77,14,3013333,1779238260,'0,3,5,8,6',1),(78,13,1853432,1779238350,'0,4,7',1),(79,14,3013334,1779238350,'0,5,3,1,8',1),(80,13,1853433,1779238500,'4,2,9',1),(81,14,3013335,1779238440,'5,7,6,3,0',1),(97,14,3013338,1779238710,'7,0,4,3,2',1),(98,13,1853435,1779238800,'6,9,1',1),(99,14,3013339,1779238800,'1,9,3,6,5',1),(100,13,1853436,1779238950,'3,0,4',1),(101,14,3013340,1779238890,'7,2,4,8,0',1),(102,14,3013341,1779238980,'7,1,4,8,3',1),(103,13,1853437,1779239100,'1,0,9',1),(104,14,3013342,1779239070,'5,1,8,6,0',1),(105,14,3013343,1779239160,'6,3,0,4,9',1),(106,13,1853438,1779239250,'6,8,1',1),(107,14,3013344,1779239250,'3,1,8,4,0',1),(108,13,1853439,1779239400,'6,8,4',1),(109,14,3013345,1779239340,'8,1,9,0,7',1),(110,14,3013346,1779239430,'9,5,7,1,3',1),(111,13,1853440,1779239550,'6,3,7',1),(112,14,3013347,1779239520,'7,1,2,8,9',1),(113,14,3013348,1779239610,'5,2,3,4,8',1),(114,13,1853441,1779239700,'1,3,0',1),(115,14,3013349,1779239700,'2,7,4,3,6',1),(116,13,1853442,1779239850,'0,9,4',1),(117,14,3013350,1779239790,'3,4,6,2,8',1),(118,14,3013351,1779239880,'2,1,0,4,5',1),(119,13,1853443,1779240000,'1,3,0',1),(120,14,3013352,1779239970,'3,5,7,8,1',1),(121,14,3013353,1779240060,'3,1,7,4,8',1),(122,13,1853444,1779240150,'8,4,7',1),(123,14,3013354,1779240150,'2,8,4,9,6',1),(124,13,1853445,1779240300,'3,8,6',1),(125,14,3013355,1779240240,'1,6,3,4,0',1),(126,14,3013356,1779240330,'4,8,3,9,2',1),(127,13,1853446,1779240450,'5,9,3',1),(128,14,3013357,1779240420,'3,4,9,8,6',1),(129,14,3013358,1779240510,'3,0,9,5,2',1),(130,13,1853447,1779240600,'7,0,1',1),(131,14,3013359,1779240600,'6,3,9,1,2',1),(132,13,1853448,1779240750,'2,3,7',1),(133,14,3013360,1779240690,'3,2,5,7,8',1),(134,14,3013361,1779240780,'5,2,1,8,0',1),(135,13,1853449,1779240900,'7,8,5',1),(136,14,3013362,1779240870,'9,8,5,1,6',1),(137,14,3013363,1779240960,'0,1,5,4,9',1),(138,13,1853450,1779241050,'0,5,3',1),(139,14,3013364,1779241050,'2,0,5,7,8',1),(140,13,1853451,1779241200,'3,0,1',1),(141,14,3013365,1779241140,'4,3,5,2,8',1),(142,14,3013366,1779241230,'8,6,2,9,7',1),(143,13,1853452,1779241350,'1,3,5',1),(144,14,3013367,1779241320,'7,1,6,9,8',1),(145,14,3013368,1779241410,'9,2,5,1,3',1),(146,13,1853453,1779241500,'8,1,5',1),(147,14,3013369,1779241500,'5,7,1,0,6',1),(148,13,1853454,1779241650,'3,2,0',1),(149,14,3013370,1779241590,'8,4,0,6,5',1),(150,14,3013371,1779241680,'6,5,3,2,8',1),(151,13,1853455,1779241800,'1,9,4',1),(152,14,3013372,1779241770,'5,3,0,1,4',1),(153,14,3013373,1779241860,'0,6,8,4,3',1),(154,13,1853456,1779241950,'1,0,9',1),(155,14,3013374,1779241950,'9,4,2,3,0',1),(156,13,1853457,1779242100,'2,5,3',1),(157,14,3013375,1779242040,'1,4,7,9,5',1),(158,14,3013376,1779242130,'2,3,9,6,0',1),(159,13,1853458,1779242250,'1,4,6',1),(160,14,3013377,1779242220,'2,3,8,5,1',1),(161,14,3013378,1779242310,'8,7,0,5,4',1),(162,13,1853459,1779242400,'4,1,3',1),(163,14,3013379,1779242400,'3,1,6,7,0',1),(164,13,1853460,1779242550,'6,8,7',1),(165,14,3013380,1779242490,'5,0,2,4,7',1),(166,14,3013381,1779242580,'7,9,6,1,0',1),(167,13,1853461,1779242700,'3,8,6',1),(168,14,3013382,1779242670,'8,1,7,2,0',1),(169,14,3013383,1779242760,'2,3,8,7,4',1),(170,13,1853462,1779242850,'1,0,7',1),(171,14,3013384,1779242850,'6,2,0,4,9',1),(172,13,1853463,1779243000,'3,0,1',1),(173,14,3013385,1779242940,'0,2,1,6,8',1),(174,14,3013386,1779243030,'8,4,3,5,9',1),(175,13,1853464,1779243150,'5,0,1',1),(176,14,3013387,1779243120,'2,3,1,8,7',1),(177,14,3013388,1779243210,'8,3,2,9,6',1),(178,13,1853465,1779243300,'9,7,0',1),(179,14,3013389,1779243300,'8,4,1,9,3',1),(180,13,1853466,1779243450,'8,0,5',1),(181,14,3013390,1779243390,'4,5,3,0,8',1),(182,14,3013391,1779243480,'0,1,5,3,2',1),(183,13,1853467,1779243600,'6,4,3',1),(184,14,3013392,1779243570,'8,6,7,5,0',1),(185,14,3013393,1779243660,'7,6,4,0,9',1),(186,13,1853468,1779243750,'6,5,3',1),(187,14,3013394,1779243750,'4,2,0,9,5',1),(188,13,1853469,1779243900,'2,8,7',1),(189,14,3013395,1779243840,'4,2,0,3,8',1),(190,14,3013396,1779243930,'3,1,8,5,0',1),(191,13,1853470,1779244050,'9,2,5',1),(192,14,3013397,1779244020,'6,5,1,4,9',1),(193,14,3013398,1779244110,'3,7,2,5,1',1),(194,13,1853471,1779244200,'4,7,2',1),(195,14,3013399,1779244200,'0,7,2,6,9',1),(196,13,1853472,1779244350,'8,9,4',1),(197,14,3013400,1779244290,'9,4,8,3,7',1),(198,14,3013401,1779244380,'6,5,7,3,1',1),(199,13,1853473,1779244500,'4,5,2',1),(200,14,3013402,1779244470,'5,4,3,2,0',1),(201,14,3013403,1779244560,'3,7,0,2,4',1),(202,13,1853474,1779244650,'9,7,6',1),(203,14,3013404,1779244650,'1,4,2,8,7',1),(204,13,1853475,1779244800,'8,4,1',1),(205,14,3013405,1779244740,'2,6,7,4,1',1),(206,14,3013406,1779244830,'9,5,3,0,7',1),(207,13,1853476,1779244950,'8,9,3',1),(208,14,3013407,1779244920,'7,3,1,5,0',1),(209,14,3013408,1779245010,'6,7,2,4,5',1),(210,13,1853477,1779245100,'9,8,7',1),(211,14,3013409,1779245100,'2,9,1,3,8',1),(212,13,1853478,1779245250,'3,1,6',1),(213,14,3013410,1779245190,'2,5,4,6,7',1),(214,14,3013411,1779245280,'5,0,3,9,2',1),(215,13,1853479,1779245400,'3,2,6',1),(216,14,3013412,1779245370,'1,5,9,0,2',1),(217,14,3013413,1779245460,'8,5,9,0,7',1),(218,13,1853480,1779245550,'5,7,1',1),(219,14,3013414,1779245550,'8,0,5,2,4',1),(220,13,1853481,1779245700,'4,1,7',1),(221,14,3013415,1779245640,'1,5,6,4,3',1),(222,14,3013416,1779245730,'6,0,5,8,3',1),(223,13,1853482,1779245850,'7,5,1',1),(224,14,3013417,1779245820,'7,2,6,1,9',1),(225,14,3013418,1779245910,'7,0,9,2,8',1),(226,13,1853483,1779246000,'4,9,8',1),(227,14,3013419,1779246000,'0,8,9,7,4',1),(228,13,1853484,1779246150,'3,0,5',1),(229,14,3013420,1779246090,'8,9,6,3,5',1),(230,14,3013421,1779246180,'2,6,0,9,7',1),(231,13,1853485,1779246300,'4,3,0',1),(232,14,3013422,1779246270,'1,8,5,6,7',1),(233,14,3013423,1779246360,'7,0,8,9,6',1),(234,13,1853486,1779246450,'3,7,4',1),(235,14,3013424,1779246450,'1,0,2,3,7',1),(236,13,1853487,1779246600,'2,5,8',1),(237,14,3013425,1779246540,'2,6,3,5,8',1),(238,14,3013426,1779246630,'0,5,8,7,3',1),(239,13,1853488,1779246750,'7,5,8',1),(240,14,3013427,1779246720,'4,2,1,5,3',1),(241,14,3013428,1779246810,'9,4,1,8,5',1),(242,13,1853489,1779246900,'3,7,5',1),(243,14,3013429,1779246900,'2,7,4,3,0',1),(244,13,1853490,1779247050,'0,4,7',1),(245,14,3013430,1779246990,'8,3,4,6,7',1),(246,14,3013431,1779247080,'0,1,6,8,3',1),(247,13,1853491,1779247200,'8,7,0',1),(248,14,3013432,1779247170,'2,9,8,3,6',1),(249,14,3013433,1779247260,'9,5,7,2,0',1),(250,13,1853492,1779247350,'5,1,6',1),(251,14,3013434,1779247350,'7,6,8,2,3',1),(252,13,1853493,1779247500,'5,8,4',1),(253,14,3013435,1779247440,'1,4,9,7,0',1),(254,14,3013436,1779247530,'5,2,3,9,7',1),(255,13,1853494,1779247650,'5,9,8',1),(256,14,3013437,1779247620,'9,0,3,1,2',1),(257,14,3013438,1779247710,'8,4,7,6,1',1),(258,13,1853495,1779247800,'1,8,2',1),(259,14,3013439,1779247800,'4,3,1,2,8',1),(260,13,1853496,1779247950,'2,0,3',1),(261,14,3013440,1779247890,'7,5,1,0,2',1),(262,14,3013441,1779247980,'2,9,0,3,7',1),(263,13,1853497,1779248100,'5,6,1',1),(264,14,3013442,1779248070,'0,7,1,4,8',1),(265,14,3013443,1779248160,'8,4,0,2,5',1),(266,13,1853498,1779248250,'3,8,7',1),(267,14,3013444,1779248250,'4,3,8,5,9',1),(268,13,1853499,1779248400,'0,4,7',1),(269,14,3013445,1779248340,'9,5,2,4,6',1),(270,14,3013446,1779248430,'6,7,0,8,5',1),(271,13,1853500,1779248550,'8,3,1',1),(272,14,3013447,1779248520,'1,5,0,3,9',1),(273,14,3013448,1779248610,'3,4,2,7,5',1),(274,13,1853501,1779248700,'0,9,3',1),(275,14,3013449,1779248700,'9,4,2,5,8',1),(276,13,1853502,1779248850,'5,6,3',1),(277,14,3013450,1779248790,'8,3,1,6,0',1),(278,14,3013451,1779248880,'7,9,1,0,2',1),(279,13,1853503,1779249000,'5,7,9',1),(280,14,3013452,1779248970,'3,1,4,5,2',1),(281,14,3013453,1779249060,'7,2,9,5,3',1),(282,13,1853504,1779249150,'5,9,3',1),(283,14,3013454,1779249150,'3,8,6,1,2',1),(284,13,1853505,1779249300,'9,5,8',1),(285,14,3013455,1779249240,'4,6,0,1,7',1),(286,14,3013456,1779249330,'2,9,1,4,6',1),(287,13,1853506,1779249450,'9,5,4',1),(288,14,3013457,1779249420,'8,1,5,9,7',1),(289,14,3013458,1779249510,'1,4,0,8,6',1),(290,13,1853507,1779249600,'2,9,0',1),(291,14,3013459,1779249600,'8,3,6,1,9',1),(292,13,1853508,1779249750,'4,1,3',1),(293,14,3013460,1779249690,'7,4,6,3,1',1),(294,14,3013461,1779249780,'0,2,4,7,9',1),(295,13,1853509,1779249900,'1,7,3',1),(296,14,3013462,1779249870,'7,3,8,4,5',1),(297,14,3013463,1779249960,'7,9,2,3,8',1),(298,13,1853510,1779250050,'1,3,7',1),(299,14,3013464,1779250050,'4,3,7,5,8',1),(300,13,1853511,1779250200,'4,9,7',1),(301,14,3013465,1779250140,'6,8,0,9,7',1),(302,14,3013466,1779250230,'8,5,0,1,6',1),(303,13,1853512,1779250350,'7,2,5',1),(304,14,3013467,1779250320,'6,5,4,9,1',1),(305,14,3013468,1779250410,'5,8,1,0,2',1),(306,13,1853513,1779250500,'6,5,9',1),(307,14,3013469,1779250500,'7,1,5,6,8',1),(308,13,1853514,1779250650,'1,3,2',1),(309,14,3013470,1779250590,'4,6,9,0,8',1),(310,14,3013471,1779250680,'0,6,8,2,7',1),(311,13,1853515,1779250800,'8,6,1',1),(312,14,3013472,1779250770,'5,7,0,9,4',1),(313,14,3013473,1779250860,'1,5,8,4,7',1),(314,13,1853516,1779250950,'3,8,5',1),(315,14,3013474,1779250950,'5,3,6,4,2',1),(316,13,1853517,1779251100,'6,9,5',1),(317,14,3013475,1779251040,'5,3,8,1,2',1),(318,14,3013476,1779251130,'9,8,3,2,7',1),(319,13,1853518,1779251250,'7,3,1',1),(320,14,3013477,1779251220,'1,4,6,8,5',1),(321,14,3013478,1779251310,'3,1,6,4,5',1),(322,13,1853519,1779251400,'3,1,0',1),(323,14,3013479,1779251400,'1,5,7,9,8',1),(324,13,1853520,1779251550,'1,7,9',1),(325,14,3013480,1779251490,'0,1,5,4,6',1),(326,14,3013481,1779251580,'5,0,4,9,7',1),(327,13,1853521,1779251700,'5,6,0',1),(328,14,3013482,1779251670,'2,8,6,7,9',1),(329,14,3013483,1779251760,'9,3,7,1,6',1),(330,13,1853522,1779251850,'3,8,4',1),(331,14,3013484,1779251850,'4,8,3,6,2',1),(332,13,1853523,1779252000,'5,9,8',1),(333,14,3013485,1779251940,'0,5,3,7,1',1),(334,14,3013486,1779252030,'7,8,2,5,0',1),(335,13,1853524,1779252150,'6,1,4',1),(336,14,3013487,1779252120,'0,1,2,5,6',1),(337,14,3013488,1779252210,'2,1,9,3,4',1),(338,13,1853525,1779252300,'5,3,1',1),(339,14,3013489,1779252300,'6,4,9,7,3',1),(340,13,1853526,1779252450,'9,3,2',1),(341,14,3013490,1779252390,'3,0,6,2,4',1),(342,14,3013491,1779252480,'8,9,7,3,1',1),(343,13,1853527,1779252600,'5,8,2',1),(344,14,3013492,1779252570,'1,4,7,0,8',1),(345,14,3013493,1779252660,'6,2,3,5,1',1),(346,13,1853528,1779252750,'8,5,9',1),(347,14,3013494,1779252750,'8,9,7,2,5',1),(348,13,1853529,1779252900,'2,4,8',1),(349,14,3013495,1779252840,'9,6,5,7,3',1),(350,14,3013496,1779252930,'8,4,5,6,9',1),(351,13,1853530,1779253050,'7,9,4',1),(352,14,3013497,1779253020,'7,2,0,3,4',1),(353,14,3013498,1779253110,'5,2,4,3,6',1),(354,13,1853531,1779253200,'2,4,3',1),(355,14,3013499,1779253200,'0,4,5,3,9',1),(356,13,1853532,1779253350,'5,4,9',1),(357,14,3013500,1779253290,'4,6,1,5,2',1),(358,14,3013501,1779253380,'4,0,1,5,3',1),(359,13,1853533,1779253500,'8,9,2',1),(360,14,3013502,1779253470,'8,4,6,2,3',1),(361,14,3013503,1779253560,'3,8,7,6,0',1),(362,13,1853534,1779253650,'8,7,0',1),(363,14,3013504,1779253650,'3,1,8,4,0',1),(364,13,1853535,1779253800,'3,9,2',1),(365,14,3013505,1779253740,'2,3,0,9,8',1),(366,14,3013506,1779253830,'0,4,8,9,6',1),(367,13,1853536,1779253950,'9,5,6',1),(368,14,3013507,1779253920,'5,0,3,8,9',1),(369,14,3013508,1779254010,'8,2,3,6,5',1),(370,13,1853537,1779254100,'4,6,0',1),(371,14,3013509,1779254100,'5,2,8,6,1',1),(372,13,1853538,1779254250,'4,1,2',1),(373,14,3013510,1779254190,'2,3,4,9,6',1),(374,14,3013511,1779254280,'9,1,5,3,0',1),(375,13,1853539,1779254400,'2,6,4',1),(376,14,3013512,1779254370,'9,5,1,0,6',1),(377,14,3013513,1779254460,'7,4,0,6,9',1),(378,13,1853540,1779254550,'4,2,1',1),(379,14,3013514,1779254550,'6,1,7,0,2',1),(380,13,1853541,1779254700,'6,7,0',1),(381,14,3013515,1779254640,'1,2,9,6,3',1),(382,14,3013516,1779254730,'4,8,2,5,6',1),(383,13,1853542,1779254850,'8,6,3',1),(384,14,3013517,1779254820,'1,9,0,2,6',1),(385,14,3013518,1779254910,'6,7,8,1,3',1),(386,13,1853543,1779255000,'9,3,7',1),(387,14,3013519,1779255000,'4,6,8,2,7',1),(388,13,1853544,1779255150,'3,1,5',1),(389,14,3013520,1779255090,'0,5,9,2,3',1),(390,14,3013521,1779255180,'8,0,1,3,6',1),(391,13,1853545,1779255300,'8,5,6',1),(392,14,3013522,1779255270,'3,4,0,2,1',1),(393,14,3013523,1779255360,'4,7,3,1,5',1),(394,13,1853546,1779255450,'8,3,0',1),(395,14,3013524,1779255450,'9,7,6,4,5',1),(396,13,1853547,1779255600,'0,9,2',1),(397,14,3013525,1779255540,'9,8,6,2,1',1),(398,14,3013526,1779255630,'6,5,4,0,3',1),(399,13,1853548,1779255750,'7,0,3',1),(400,14,3013527,1779255720,'8,1,2,3,6',1),(401,14,3013528,1779255810,'8,9,7,3,2',1),(402,13,1853549,1779255900,'',0),(403,14,3013529,1779255900,'',0);
/*!40000 ALTER TABLE `bc_haoma` ENABLE KEYS */;
UNLOCK TABLES;

--
-- Table structure for table `bc_order`
--

DROP TABLE IF EXISTS `bc_order`;
/*!40101 SET @saved_cs_client     = @@character_set_client */;
/*!40101 SET character_set_client = utf8 */;
CREATE TABLE `bc_order` (
  `id` int(11) NOT NULL AUTO_INCREMENT COMMENT 'ID',
  `uid` int(11) NOT NULL COMMENT 'UID',
  `agent` int(11) NOT NULL DEFAULT '0' COMMENT '代理人UID',
  `agents` int(11) NOT NULL DEFAULT '0' COMMENT '总代理人UID',
  `orderid` varchar(32) NOT NULL COMMENT '订单号',
  `gameid` mediumint(5) NOT NULL COMMENT '游戏ID',
  `qishu` varchar(15) NOT NULL COMMENT '期数',
  `money` decimal(10,2) NOT NULL COMMENT '订单金额',
  `account` decimal(10,2) NOT NULL COMMENT '结算',
  `wanfa` varchar(30) NOT NULL COMMENT '玩法',
  `addtime` int(11) NOT NULL COMMENT '下单时间',
  `endtime` int(11) NOT NULL COMMENT '结算时间',
  `tui` tinyint(1) NOT NULL COMMENT '是否退单1退单',
  `ban` tinyint(1) NOT NULL COMMENT '完成结算',
  PRIMARY KEY (`id`)
) ENGINE=MyISAM DEFAULT CHARSET=utf8mb4;
/*!40101 SET character_set_client = @saved_cs_client */;

--
-- Dumping data for table `bc_order`
--

LOCK TABLES `bc_order` WRITE;
/*!40000 ALTER TABLE `bc_order` DISABLE KEYS */;
/*!40000 ALTER TABLE `bc_order` ENABLE KEYS */;
UNLOCK TABLES;

--
-- Table structure for table `bc_pay`
--

DROP TABLE IF EXISTS `bc_pay`;
/*!40101 SET @saved_cs_client     = @@character_set_client */;
/*!40101 SET character_set_client = utf8 */;
CREATE TABLE `bc_pay` (
  `id` int(11) NOT NULL AUTO_INCREMENT COMMENT 'ID',
  `uid` int(11) NOT NULL COMMENT 'UID',
  `agent` int(11) NOT NULL COMMENT '上级代理人UID',
  `agents` int(11) NOT NULL DEFAULT '0' COMMENT '总代理人UID',
  `payid` varchar(32) NOT NULL COMMENT '订单ID',
  `money` decimal(10,2) NOT NULL COMMENT '金额',
  `state` tinyint(1) NOT NULL COMMENT '状态0等待支付1在线支付2手工订单',
  `comment` varchar(200) NOT NULL COMMENT '备注',
  `addtime` int(11) NOT NULL COMMENT '时间',
  `paytime` int(11) NOT NULL COMMENT '支付时间',
  PRIMARY KEY (`id`)
) ENGINE=MyISAM DEFAULT CHARSET=utf8mb4;
/*!40101 SET character_set_client = @saved_cs_client */;

--
-- Dumping data for table `bc_pay`
--

LOCK TABLES `bc_pay` WRITE;
/*!40000 ALTER TABLE `bc_pay` DISABLE KEYS */;
/*!40000 ALTER TABLE `bc_pay` ENABLE KEYS */;
UNLOCK TABLES;

--
-- Table structure for table `bc_session`
--

DROP TABLE IF EXISTS `bc_session`;
/*!40101 SET @saved_cs_client     = @@character_set_client */;
/*!40101 SET character_set_client = utf8 */;
CREATE TABLE `bc_session` (
  `sessionid` char(32) NOT NULL,
  `userid` mediumint(8) unsigned NOT NULL DEFAULT '0',
  `ip` char(15) NOT NULL,
  `lastvisit` int(10) unsigned NOT NULL DEFAULT '0',
  `roleid` tinyint(3) unsigned DEFAULT '0',
  `groupid` tinyint(3) unsigned NOT NULL DEFAULT '0',
  `m` char(20) NOT NULL,
  `c` char(20) NOT NULL,
  `a` char(20) NOT NULL,
  `data` char(255) NOT NULL,
  PRIMARY KEY (`sessionid`),
  KEY `lastvisit` (`lastvisit`)
) ENGINE=MEMORY DEFAULT CHARSET=utf8mb4;
/*!40101 SET character_set_client = @saved_cs_client */;

--
-- Dumping data for table `bc_session`
--

LOCK TABLES `bc_session` WRITE;
/*!40000 ALTER TABLE `bc_session` DISABLE KEYS */;
/*!40000 ALTER TABLE `bc_session` ENABLE KEYS */;
UNLOCK TABLES;

--
-- Table structure for table `bc_settings`
--

DROP TABLE IF EXISTS `bc_settings`;
/*!40101 SET @saved_cs_client     = @@character_set_client */;
/*!40101 SET character_set_client = utf8 */;
CREATE TABLE `bc_settings` (
  `name` varchar(32) NOT NULL DEFAULT '',
  `data` text NOT NULL,
  PRIMARY KEY (`name`)
) ENGINE=MyISAM DEFAULT CHARSET=utf8mb4;
/*!40101 SET character_set_client = @saved_cs_client */;

--
-- Dumping data for table `bc_settings`
--

LOCK TABLES `bc_settings` WRITE;
/*!40000 ALTER TABLE `bc_settings` DISABLE KEYS */;
INSERT INTO `bc_settings` VALUES ('aliewm','0926_1569477686_2878.png'),('ann','欢迎光临蚂蚁彩票网，感谢您为公益彩票做出贡献！'),('card',''),('cash','0'),('code',''),('copyright','Copyright ©2019 蚂蚁彩票 All Rights Reserved.'),('description','蚂蚁彩票网是最大的代购平台、致力于让彩民更便捷地获取信息，找到所求。蚂蚁彩票网超过千万的注册用户，在这里你可以瞬间找到你所需要的服务。'),('email','123456@qq.com'),('keywords',''),('lang','my-mm'),('maxcash','50000'),('money','0'),('pay','1'),('phone','13800138000'),('qq','97887526'),('remark',''),('send_money','1-50000'),('stamp','￥'),('stop','0'),('userfilter','管理员,客服,system,系统,计划员, ,所有人'),('username_type','s2-20'),('webname','蚂蚁彩票'),('weburl','http://www.myfaka.com/'),('wxewm','0926_1569477686_7117.png'),('pop800','465109');
/*!40000 ALTER TABLE `bc_settings` ENABLE KEYS */;
UNLOCK TABLES;

--
-- Table structure for table `bc_translate`
--

DROP TABLE IF EXISTS `bc_translate`;
/*!40101 SET @saved_cs_client     = @@character_set_client */;
/*!40101 SET character_set_client = utf8 */;
CREATE TABLE `bc_translate` (
  `id` int(11) unsigned NOT NULL AUTO_INCREMENT,
  `source_table` varchar(50) NOT NULL DEFAULT '' COMMENT '源表名（不含前缀），如 game, settings',
  `source_id` varchar(50) NOT NULL DEFAULT '' COMMENT '源记录ID或键名，如 1, webname',
  `field_name` varchar(50) NOT NULL DEFAULT '' COMMENT '字段名，如 name, value',
  `lang` varchar(10) NOT NULL DEFAULT '' COMMENT '语言代码，如 en-us, my-mm',
  `value` text COMMENT '翻译内容',
  PRIMARY KEY (`id`),
  UNIQUE KEY `idx_translate_unique` (`source_table`,`source_id`,`field_name`,`lang`),
  KEY `idx_translate_lookup` (`source_table`,`lang`),
  KEY `idx_translate_source` (`source_table`,`source_id`)
) ENGINE=InnoDB AUTO_INCREMENT=113 DEFAULT CHARSET=utf8mb4 COMMENT='数据库内容多语言翻译表';
/*!40101 SET character_set_client = @saved_cs_client */;

--
-- Dumping data for table `bc_translate`
--

LOCK TABLES `bc_translate` WRITE;
/*!40000 ALTER TABLE `bc_translate` DISABLE KEYS */;
INSERT INTO `bc_translate` VALUES (37,'game','1','name','en-us','Chongqing Time Lottery (Fantan)'),(38,'game','1','name','my-mm','ချုံကျင်းအချိန်စာရင်း (ဖန်တန်)'),(39,'game','2','name','en-us','Guangdong Happy 10 (Fantan)'),(40,'game','2','name','my-mm','ကွမ်းတုံပျော်ရွှင်မှု၁၀ (ဖန်တန်)'),(41,'game','3','name','en-us','Chongqing Lucky Farm (Fantan)'),(42,'game','3','name','my-mm','ချုံကျင်းကံကောင်းခြံ (ဖန်တန်)'),(43,'game','4','name','en-us','PC Egg (Fantan)'),(44,'game','4','name','my-mm','PC ဥ (ဖန်တန်)'),(45,'game','5','name','en-us','Canada 28 (Fantan)'),(46,'game','5','name','my-mm','ကနေဒါ၂၈ (ဖန်တန်)'),(47,'game','6','name','en-us','Beijing Racing (PK10)'),(48,'game','6','name','my-mm','ပေကျင်းကားပြိုင် (PK10)'),(49,'game','7','name','en-us','Chongqing Time Lottery'),(50,'game','7','name','my-mm','ချုံကျင်းအချိန်စာရင်း'),(51,'game','8','name','en-us','Guangdong Happy 10'),(52,'game','8','name','my-mm','ကွမ်းတုံပျော်ရွှင်မှု၁၀'),(53,'game','9','name','en-us','PC Egg 13/14'),(54,'game','9','name','my-mm','PC ဥ ၁၃/၁၄'),(55,'game','10','name','en-us','Canada 28 13/14'),(56,'game','10','name','my-mm','ကနေဒါ၂၈ ၁၃/၁၄'),(57,'game','11','name','en-us','Beijing Racing (Pai Gow)'),(58,'game','11','name','my-mm','ပေကျင်းကားပြိုင် (ပိုင်ဂေါ)'),(59,'game','12','name','en-us','Chongqing Six Bet'),(60,'game','12','name','my-mm','ချုံကျင်းခြောက်ချိန်း'),(61,'game','13','name','en-us','Speed 28 (Fantan)'),(62,'game','13','name','my-mm','အမြန်၂၈ (ဖန်တန်)'),(63,'game','14','name','en-us','Speed Time Lottery (Fantan)'),(64,'game','14','name','my-mm','အမြန်အချိန်စာရင်း (ဖန်တန်)'),(65,'settings','webname','value','en-us','Ant Lottery'),(66,'settings','webname','value','my-mm','ပုရွက်ဆိတ်ထိုးစာရင်း'),(67,'settings','ann','value','en-us','Welcome to Ant Lottery! Thank you for your contribution to public welfare!'),(68,'settings','ann','value','my-mm','ပုရွက်ဆိတ်ထိုးစာရင်းသို့ကြိုဆိုပါသည်! အများပိုင်ရာထိုးစာရင်းအတွက်ကျေးဇူးတင်ပါသည်!'),(69,'settings','copyright','value','en-us','Copyright ©2019 Ant Lottery All Rights Reserved.'),(70,'settings','copyright','value','my-mm','မူပိုင်ခွင့် ©၂၀၁၉ ပုရွက်ဆိတ်ထိုးစာရင်း လုပ်ပိုင်ခွင့်အားလုံးထိန်းသိမ်းသည်။'),(71,'settings','description','value','en-us','Ant Lottery is the largest proxy betting platform, dedicated to making it easier for players to get information and find what they need.'),(72,'settings','description','value','my-mm','ပုရွက်ဆိတ်ထိုးစာရင်းသည်အကြီးဆုံးကိုယ်စားလှယ်ထိုးစာရင်းပလက်ဖောင်းဖြစ်ပြီး ကစားသမားများအတွက်သတင်းအချက်အလက်ရယူရန်လွယ်ကူစေရန်ဆောင်ရွက်သည်။'),(73,'settings','card','value','en-us',''),(74,'settings','card','value','my-mm',''),(75,'settings','remark','value','en-us',''),(76,'settings','remark','value','my-mm',''),(77,'settings','keywords','value','en-us','Ant Lottery, Online Betting, Proxy Betting'),(78,'settings','keywords','value','my-mm','ပုရွက်ဆိတ်ထိုးစာရင်း, အွန်လိုင်းထိုးစာရင်း, ကိုယ်စားလှယ်ထိုးစာရင်း'),(79,'settings','qq','value','en-us','Customer Service'),(80,'settings','qq','value','my-mm','ဖောက်သည်ဝန်ဆောင်မှု'),(81,'settings','code','value','en-us',''),(82,'settings','code','value','my-mm',''),(83,'account_type','0','name','en-us','Recharge'),(84,'account_type','0','name','my-mm','ငွေသွင်း'),(85,'account_type','1','name','en-us','Withdrawal'),(86,'account_type','1','name','my-mm','ငွေထုတ်'),(87,'account_type','2','name','en-us','Bet'),(88,'account_type','2','name','my-mm','ထိုးစာရင်း'),(89,'account_type','3','name','en-us','Win'),(90,'account_type','3','name','my-mm','အနိုင်ရ'),(91,'account_type','4','name','en-us','Refund'),(92,'account_type','4','name','my-mm','ပြန်လည်ပေးအပ်'),(93,'cash_state','0','name','en-us','Pending'),(94,'cash_state','0','name','my-mm','စောင့်ဆိုင်းဆဲ'),(95,'cash_state','1','name','en-us','Processing'),(96,'cash_state','1','name','my-mm','လုပ်ဆောင်နေဆဲ'),(97,'cash_state','2','name','en-us','Completed'),(98,'cash_state','2','name','my-mm','ပြီးမြောက်'),(99,'cash_state','3','name','en-us','Failed'),(100,'cash_state','3','name','my-mm','မအောင်မြင်'),(101,'pay_state','0','name','en-us','Unpaid'),(102,'pay_state','0','name','my-mm','မပေးသေး'),(103,'pay_state','1','name','en-us','Paid'),(104,'pay_state','1','name','my-mm','ပေးပြီး'),(105,'game_state','0','name','en-us','Stopped'),(106,'game_state','0','name','my-mm','ရပ်တန့်'),(107,'game_state','1','name','en-us','Active'),(108,'game_state','1','name','my-mm','လုပ်ဆောင်နေ'),(109,'user_role','0','name','en-us','Member'),(110,'user_role','0','name','my-mm','အဖွဲ့ဝင်'),(111,'user_role','1','name','en-us','Agent'),(112,'user_role','1','name','my-mm','ကိုယ်စားလှယ်');
/*!40000 ALTER TABLE `bc_translate` ENABLE KEYS */;
UNLOCK TABLES;

--
-- Table structure for table `bc_user`
--

DROP TABLE IF EXISTS `bc_user`;
/*!40101 SET @saved_cs_client     = @@character_set_client */;
/*!40101 SET character_set_client = utf8 */;
CREATE TABLE `bc_user` (
  `uid` int(11) NOT NULL AUTO_INCREMENT,
  `aid` tinyint(3) NOT NULL DEFAULT '0' COMMENT '代理类别0无1一级2二级',
  `agent` int(11) NOT NULL COMMENT '上级代理人UID',
  `agents` int(11) NOT NULL DEFAULT '0' COMMENT '总代理人UID',
  `credit` int(11) NOT NULL COMMENT '积分',
  `pic` varchar(200) NOT NULL COMMENT '头像文件名',
  `name` varchar(20) NOT NULL COMMENT '真实姓名',
  `bank` varchar(50) NOT NULL COMMENT '银行名称',
  `card` varchar(30) NOT NULL COMMENT '银行账号',
  `weixin` varchar(50) NOT NULL COMMENT '微信号',
  `alipay` varchar(50) NOT NULL DEFAULT '' COMMENT '支付宝',
  `email` varchar(50) NOT NULL COMMENT 'Email',
  `qq` varchar(20) NOT NULL DEFAULT '' COMMENT 'QQ',
  `mobile` varchar(20) NOT NULL COMMENT '手机号',
  `send_money` varchar(50) NOT NULL COMMENT '投注金额限制',
  `agentconfig` text NOT NULL COMMENT '代理配置',
  `money` decimal(10,2) NOT NULL DEFAULT '0.00' COMMENT '账户金额',
  `username` varchar(20) NOT NULL COMMENT '用户名',
  `nickname` varchar(20) NOT NULL COMMENT '昵称',
  `password` char(32) NOT NULL COMMENT '密码',
  `encrypt` char(6) NOT NULL COMMENT '密码附加',
  `logintime` int(11) NOT NULL DEFAULT '0' COMMENT '最后登录时间',
  `loginip` char(15) NOT NULL COMMENT '登录iP',
  `regtime` int(11) NOT NULL DEFAULT '0' COMMENT '注册时间',
  `lock` tinyint(1) NOT NULL DEFAULT '0' COMMENT '是否锁定1锁',
  PRIMARY KEY (`uid`),
  KEY `regtime` (`regtime`)
) ENGINE=MyISAM AUTO_INCREMENT=5 DEFAULT CHARSET=utf8mb4;
/*!40101 SET character_set_client = @saved_cs_client */;

--
-- Dumping data for table `bc_user`
--

LOCK TABLES `bc_user` WRITE;
/*!40000 ALTER TABLE `bc_user` DISABLE KEYS */;
INSERT INTO `bc_user` VALUES (1,0,0,0,0,'8','测试','','','','','123456@qq.com','97887526','13800138000','','',1000.00,'qq1234','测试','076e36504bcb642dbad47ca949c9f250','b9cf16',1569642416,'192.168.240.1',1553762372,0),(2,1,0,0,0,'','代理','','','','','','','','','',0.00,'daili','代理','98f577722c938ade87bb565425a605fe','8ac8ab',1569641838,'127.0.0.1',1569475085,0),(3,0,0,0,0,'','小七','','','','','','','','','',0.00,'xiao7','','748adabbc4e39cb5e3782f463045ec1f','13efec',1569476122,'192.168.240.1',1569475987,0),(4,0,0,0,0,'5','黄花鱼','','','','','','','','','',0.00,'hhw119','','217133b50f90463ba21752b9ef3211df','025c19',1779198035,'203.160.86.61',1779198013,0);
/*!40000 ALTER TABLE `bc_user` ENABLE KEYS */;
UNLOCK TABLES;

--
-- Dumping events for database 'fantan_db'
--

--
-- Dumping routines for database 'fantan_db'
--
/*!40103 SET TIME_ZONE=@OLD_TIME_ZONE */;

/*!40101 SET SQL_MODE=@OLD_SQL_MODE */;
/*!40014 SET FOREIGN_KEY_CHECKS=@OLD_FOREIGN_KEY_CHECKS */;
/*!40014 SET UNIQUE_CHECKS=@OLD_UNIQUE_CHECKS */;
/*!40101 SET CHARACTER_SET_CLIENT=@OLD_CHARACTER_SET_CLIENT */;
/*!40101 SET CHARACTER_SET_RESULTS=@OLD_CHARACTER_SET_RESULTS */;
/*!40101 SET COLLATION_CONNECTION=@OLD_COLLATION_CONNECTION */;
/*!40111 SET SQL_NOTES=@OLD_SQL_NOTES */;

-- Dump completed on 2026-05-20 13:44:03
